model,compute_runtime,compute_memory_mb,nc_accuracy_mean,nc_f1_macro_mean,nc_roc_auc_mean,lp_hadamard_roc_auc,lp_hadamard_avg_precision,quality_effective_dimensions,quality_cumulative_variance_90
TADW,5.395864725112915,53.112832,0.21810865191146883,0.13727376528008578,0.5067835738134822,0.5851287108683558,0.601036052097331,128,22
SINE,104.2067482471466,542.695424,0.77102615694165,0.750063689337965,0.9501175837157092,0.9346972756167112,0.9209924913651647,64,50
