,ratio,RLE_accuracy_mean,RLE_accuracy_std,GELD_accuracy_mean,GELD_accuracy_std
0,0.9,84.01507537688443,1.2342694704679142,84.33165829145727,1.2799380682474557
1,0.5,87.8390596745027,0.45253141975559413,88.22784810126582,0.4882459312839025
