,ratio,RLE_accuracy_mean,RLE_accuracy_std,GELD_accuracy_mean,GELD_accuracy_std
0,0.9,79.20358514724711,0.20745927929636848,81.48344613133347,0.13288795527310168
1,0.5,81.04866324246015,0.13406970655709474,82.23231924140656,0.14366197492107852
